<?xml version="1.0" encoding="UTF-8"?>
<definition name="Not Tom's Trolling Buzzer" category="6" type="21" mass="1" value="100" flags="0" tags="sound,audio,siren,not tom,tomhatescats,nt" audio_filename_start="" audio_filename_loop="" audio_filename_end="" audio_gain="1.0" mesh_data_name="meshes/component_buzzer.mesh" mesh_0_name="" mesh_1_name="" mesh_editor_only_name="" block_type="0" child_name="" extender_name="" constraint_type="0" constraint_axis="1" constraint_range_of_motion="0" max_motor_force="100" max_motor_speed="10" cable_radius="0.02" seat_type="0" buoy_radius="1" buoy_factor="1" buoy_force="100" force_emitter_max_force="1000" force_emitter_max_vector="1" engine_max_force="1000" trans_conn_type="0" trans_type="0" wheel_radius="0.25" button_type="1" light_intensity="1" light_range="1" light_ies_map="graphics/ies/ies_default.txtr" light_fov="1" light_type="0" door_lower_limit="-1" door_upper_limit="1" door_flipped="false" dynamic_min_rotation="0" dynamic_max_rotation="3.141593" logic_gate_type="0" indicator_type="6" connector_type="0" magnet_force="1" gyro_type="0" rudder_surface_area="1" m_pump_pressure="0.01">
	<sfx_datas>
		<sfx_data sfx_name="warning1" sfx_range_inner="2.0" sfx_range_outer="300000.0" sfx_priority="1.0" sfx_is_underwater_affected="true">
			<sfx_layers>
				<sfx_layer sfx_filename_start="audio/memes/samsung_tv.ogg" sfx_filename_loop="audio/memes/music_disgrace.ogg" sfx_filename_end="audio/memes/suck-a-ma-cock.ogg" sfx_gain="1.0" sfx_loop_start_time="0.5" sfx_loop_blend_duration="10.0" sfx_volume_fade_speed="1.0" sfx_pitch_fade_speed="1.0"/>
			</sfx_layers>
		</sfx_data>
		<sfx_data sfx_name="warning2" sfx_range_inner="2.0" sfx_range_outer="300000.0" sfx_priority="1.0" sfx_is_underwater_affected="true">
			<sfx_layers>
				<sfx_layer sfx_filename_start="" sfx_filename_loop="audio/music!/fortunate_son.ogg" sfx_filename_end="" sfx_gain="1.0" sfx_loop_start_time="0.5" sfx_loop_blend_duration="10.0" sfx_volume_fade_speed="1.0" sfx_pitch_fade_speed="1.0"/>
			</sfx_layers>
		</sfx_data>
		<sfx_data sfx_name="warning3" sfx_range_inner="2.0" sfx_range_outer="300000.0" sfx_priority="1.0" sfx_is_underwater_affected="true">
			<sfx_layers>
				<sfx_layer sfx_filename_start="" sfx_filename_loop="audio/music!/Brian - 9999999999999999999999999999999999999999999999999999999999.ogg" sfx_filename_end="" sfx_gain="1.0" sfx_loop_start_time="0.5" sfx_loop_blend_duration="10.0" sfx_volume_fade_speed="1.0" sfx_pitch_fade_speed="1.0"/>
			</sfx_layers>
		</sfx_data>
		<sfx_data sfx_name="beep1" sfx_range_inner="2.0" sfx_range_outer="300000.0" sfx_priority="1.0" sfx_is_underwater_affected="true">
			<sfx_layers>
				<sfx_layer sfx_filename_start="" sfx_filename_loop="" sfx_filename_end="" sfx_gain="1.0" sfx_loop_start_time="0.5" sfx_loop_blend_duration="10.0" sfx_volume_fade_speed="1.0" sfx_pitch_fade_speed="1.0"/>
			</sfx_layers>
		</sfx_data>
		<sfx_data sfx_name="beep2" sfx_range_inner="2.0" sfx_range_outer="300000.0" sfx_priority="1.0" sfx_is_underwater_affected="true">
			<sfx_layers>
				<sfx_layer sfx_filename_start="" sfx_filename_loop="" sfx_filename_end="" sfx_gain="1.0" sfx_loop_start_time="0.5" sfx_loop_blend_duration="10.0" sfx_volume_fade_speed="1.0" sfx_pitch_fade_speed="1.0"/>
			</sfx_layers>
		</sfx_data>
		<sfx_data sfx_name="seatbelt" sfx_range_inner="2.0" sfx_range_outer="300000.0" sfx_priority="1.0" sfx_is_underwater_affected="true">
			<sfx_layers>
				<sfx_layer sfx_filename_start="" sfx_filename_loop="" sfx_filename_end="" sfx_gain="1.0" sfx_loop_start_time="0.5" sfx_loop_blend_duration="10.0" sfx_volume_fade_speed="1.0" sfx_pitch_fade_speed="1.0"/>
			</sfx_layers>
		</sfx_data>
		<sfx_data sfx_name="airhorn" sfx_range_inner="2.0" sfx_range_outer="300000.0" sfx_priority="1.0" sfx_is_underwater_affected="true">
			<sfx_layers>
				<sfx_layer sfx_filename_start="" sfx_filename_loop="" sfx_filename_end="" sfx_gain="1.0" sfx_loop_start_time="0.5" sfx_loop_blend_duration="10.0" sfx_volume_fade_speed="1.0" sfx_pitch_fade_speed="1.0"/>
			</sfx_layers>
		</sfx_data>
		<sfx_data sfx_name="bullhorn" sfx_range_inner="2.0" sfx_range_outer="300000.0" sfx_priority="1.0" sfx_is_underwater_affected="true">
			<sfx_layers>
				<sfx_layer sfx_filename_start="" sfx_filename_loop="" sfx_filename_end="" sfx_gain="1.0" sfx_loop_start_time="0.5" sfx_loop_blend_duration="10.0" sfx_volume_fade_speed="1.0" sfx_pitch_fade_speed="1.0"/>
			</sfx_layers>
		</sfx_data>
		<sfx_data sfx_name="bullhorn2" sfx_range_inner="2.0" sfx_range_outer="300000.0" sfx_priority="1.0" sfx_is_underwater_affected="true">
			<sfx_layers>
				<sfx_layer sfx_filename_start="" sfx_filename_loop="" sfx_filename_end="" sfx_gain="1.0" sfx_loop_start_time="0.5" sfx_loop_blend_duration="10.0" sfx_volume_fade_speed="1.0" sfx_pitch_fade_speed="1.0"/>
			</sfx_layers>
		</sfx_data>
		<sfx_data sfx_name="hilo" sfx_range_inner="2.0" sfx_range_outer="300000.0" sfx_priority="1.0" sfx_is_underwater_affected="true">
			<sfx_layers>
				<sfx_layer sfx_filename_start="" sfx_filename_loop="" sfx_filename_end="" sfx_gain="1.0" sfx_loop_start_time="0.5" sfx_loop_blend_duration="10.0" sfx_volume_fade_speed="1.0" sfx_pitch_fade_speed="1.0"/>
			</sfx_layers>
		</sfx_data>
		<sfx_data sfx_name="piercer" sfx_range_inner="2.0" sfx_range_outer="300000.0" sfx_priority="1.0" sfx_is_underwater_affected="true">
			<sfx_layers>
				<sfx_layer sfx_filename_start="" sfx_filename_loop="" sfx_filename_end="" sfx_gain="1.0" sfx_loop_start_time="0.5" sfx_loop_blend_duration="10.0" sfx_volume_fade_speed="1.0" sfx_pitch_fade_speed="1.0"/>
			</sfx_layers>
		</sfx_data>
		<sfx_data sfx_name="qsiren" sfx_range_inner="2.0" sfx_range_outer="300000.0" sfx_priority="1.0" sfx_is_underwater_affected="true">
			<sfx_layers>
				<sfx_layer sfx_filename_start="" sfx_filename_loop="" sfx_filename_end="" sfx_gain="1.0" sfx_loop_start_time="0.5" sfx_loop_blend_duration="10.0" sfx_volume_fade_speed="1.0" sfx_pitch_fade_speed="1.0"/>
			</sfx_layers>
		</sfx_data>
		<sfx_data sfx_name="wail" sfx_range_inner="2.0" sfx_range_outer="300000.0" sfx_priority="1.0" sfx_is_underwater_affected="true">
			<sfx_layers>
				<sfx_layer sfx_filename_start="" sfx_filename_loop="" sfx_filename_end="" sfx_gain="1.0" sfx_loop_start_time="0.5" sfx_loop_blend_duration="10.0" sfx_volume_fade_speed="1.0" sfx_pitch_fade_speed="1.0"/>
			</sfx_layers>
		</sfx_data>
		<sfx_data sfx_name="wailrumbler" sfx_range_inner="2.0" sfx_range_outer="300000.0" sfx_priority="1.0" sfx_is_underwater_affected="true">
			<sfx_layers>
				<sfx_layer sfx_filename_start="" sfx_filename_loop="" sfx_filename_end="" sfx_gain="1.0" sfx_loop_start_time="0.5" sfx_loop_blend_duration="10.0" sfx_volume_fade_speed="1.0" sfx_pitch_fade_speed="1.0"/>
			</sfx_layers>
		</sfx_data>
		<sfx_data sfx_name="yelp" sfx_range_inner="2.0" sfx_range_outer="300000.0" sfx_priority="1.0" sfx_is_underwater_affected="true">
			<sfx_layers>
				<sfx_layer sfx_filename_start="" sfx_filename_loop="" sfx_filename_end="" sfx_gain="1.0" sfx_loop_start_time="0.5" sfx_loop_blend_duration="10.0" sfx_volume_fade_speed="1.0" sfx_pitch_fade_speed="1.0"/>
			</sfx_layers>
		</sfx_data>
		<sfx_data sfx_name="yelprumbler" sfx_range_inner="2.0" sfx_range_outer="300000.0" sfx_priority="1.0" sfx_is_underwater_affected="true">
			<sfx_layers>
				<sfx_layer sfx_filename_start="" sfx_filename_loop="" sfx_filename_end="" sfx_gain="1.0" sfx_loop_start_time="0.5" sfx_loop_blend_duration="10.0" sfx_volume_fade_speed="1.0" sfx_pitch_fade_speed="1.0"/>
			</sfx_layers>
		</sfx_data>
		<sfx_data sfx_name="bellship" sfx_range_inner="2.0" sfx_range_outer="300000.0" sfx_priority="1.0" sfx_is_underwater_affected="true">
			<sfx_layers>
				<sfx_layer sfx_filename_start="" sfx_filename_loop="" sfx_filename_end="" sfx_gain="1.0" sfx_loop_start_time="0.5" sfx_loop_blend_duration="10.0" sfx_volume_fade_speed="1.0" sfx_pitch_fade_speed="1.0"/>
				<sfx_layer sfx_filename_start="" sfx_filename_loop="" sfx_filename_end="" sfx_gain="1.0" sfx_loop_start_time="0.5" sfx_loop_blend_duration="10.0" sfx_volume_fade_speed="1.0" sfx_pitch_fade_speed="1.0"/>
				<sfx_layer sfx_filename_start="" sfx_filename_loop="" sfx_filename_end="" sfx_gain="1.0" sfx_loop_start_time="0.5" sfx_loop_blend_duration="10.0" sfx_volume_fade_speed="1.0" sfx_pitch_fade_speed="1.0"/>
			</sfx_layers>
		</sfx_data>
		<sfx_data sfx_name="belltrain1" sfx_range_inner="2.0" sfx_range_outer="300000.0" sfx_priority="1.0" sfx_is_underwater_affected="true">
			<sfx_layers>
				<sfx_layer sfx_filename_start="audio/fx/toilet_flush.ogg" sfx_filename_loop="" sfx_filename_end="" sfx_gain="1.0" sfx_loop_start_time="0.5" sfx_loop_blend_duration="10.0" sfx_volume_fade_speed="1.0" sfx_pitch_fade_speed="1.0"/>
				<sfx_layer sfx_filename_start="audio/fx/toilet_flush.ogg" sfx_filename_loop="" sfx_filename_end="" sfx_gain="1.0" sfx_loop_start_time="0.5" sfx_loop_blend_duration="10.0" sfx_volume_fade_speed="1.0" sfx_pitch_fade_speed="1.0"/>
				<sfx_layer sfx_filename_start="audio/fx/toilet_flush.ogg" sfx_filename_loop="" sfx_filename_end="" sfx_gain="1.0" sfx_loop_start_time="0.5" sfx_loop_blend_duration="10.0" sfx_volume_fade_speed="1.0" sfx_pitch_fade_speed="1.0"/>
			</sfx_layers>
		</sfx_data>
		<sfx_data sfx_name="belltrain2" sfx_range_inner="2.0" sfx_range_outer="300000.0" sfx_priority="1.0" sfx_is_underwater_affected="true">
			<sfx_layers>
				<sfx_layer sfx_filename_start="audio/fx5/bell_train2_01.ogg" sfx_filename_loop="" sfx_filename_end="" sfx_gain="1.0" sfx_loop_start_time="0.5" sfx_loop_blend_duration="10.0" sfx_volume_fade_speed="1.0" sfx_pitch_fade_speed="1.0"/>
				<sfx_layer sfx_filename_start="audio/fx5/bell_train2_02.ogg" sfx_filename_loop="" sfx_filename_end="" sfx_gain="1.0" sfx_loop_start_time="0.5" sfx_loop_blend_duration="10.0" sfx_volume_fade_speed="1.0" sfx_pitch_fade_speed="1.0"/>
				<sfx_layer sfx_filename_start="audio/fx5/bell_train2_03.ogg" sfx_filename_loop="" sfx_filename_end="" sfx_gain="1.0" sfx_loop_start_time="0.5" sfx_loop_blend_duration="10.0" sfx_volume_fade_speed="1.0" sfx_pitch_fade_speed="1.0"/>
			</sfx_layers>
		</sfx_data>
		<sfx_data sfx_name="horn1" sfx_range_inner="2.0" sfx_range_outer="300000.0" sfx_priority="1.0" sfx_is_underwater_affected="true">
		<sfx_layers>
				<sfx_layer sfx_filename_start="audio/fx5/horn_vehicle1_start.ogg" sfx_filename_loop="audio/fx5/horn_vehicle1_loop.ogg" sfx_filename_end="audio/fx5/horn_vehicle1_end.ogg" sfx_gain="1.0" sfx_loop_start_time="0.25" sfx_loop_blend_duration="2.0" sfx_volume_fade_speed="1.0" sfx_pitch_fade_speed="1.0"/>
			</sfx_layers>
		</sfx_data>
		<sfx_data sfx_name="horn2" sfx_range_inner="2.0" sfx_range_outer="300000.0" sfx_priority="1.0" sfx_is_underwater_affected="true">
		<sfx_layers>
				<sfx_layer sfx_filename_start="audio/fx5/horn_vehicle2_start.ogg" sfx_filename_loop="audio/fx5/horn_vehicle2_loop.ogg" sfx_filename_end="audio/fx5/horn_vehicle2_end.ogg" sfx_gain="1.0" sfx_loop_start_time="0.25" sfx_loop_blend_duration="2.0" sfx_volume_fade_speed="1.0" sfx_pitch_fade_speed="1.0"/>
			</sfx_layers>
		</sfx_data>
		<sfx_data sfx_name="horn3" sfx_range_inner="2.0" sfx_range_outer="300000.0" sfx_priority="1.0" sfx_is_underwater_affected="true">
		<sfx_layers>
				<sfx_layer sfx_filename_start="audio/fx5/horn_vehicle3_start.ogg" sfx_filename_loop="audio/fx5/horn_vehicle3_loop.ogg" sfx_filename_end="audio/fx5/horn_vehicle3_end.ogg" sfx_gain="1.0" sfx_loop_start_time="0.25" sfx_loop_blend_duration="2.0" sfx_volume_fade_speed="1.0" sfx_pitch_fade_speed="1.0"/>
			</sfx_layers>
		</sfx_data>
		<sfx_data sfx_name="klaxon1" sfx_range_inner="2.0" sfx_range_outer="300000.0" sfx_priority="1.0" sfx_is_underwater_affected="true">
			<sfx_layers>
				<sfx_layer sfx_filename_start="audio/fx5/klaxon_small_start.ogg" sfx_filename_loop="audio/fx5/klaxon_small_loop.ogg" sfx_filename_end="audio/fx5/klaxon_small_end.ogg" sfx_gain="1.0" sfx_loop_start_time="0.25" sfx_loop_blend_duration="2.0" sfx_volume_fade_speed="1.0" sfx_pitch_fade_speed="1.0"/>
			</sfx_layers>
		</sfx_data>
		<sfx_data sfx_name="klaxon2" sfx_range_inner="2.0" sfx_range_outer="300000.0" sfx_priority="1.0" sfx_is_underwater_affected="true">
			<sfx_layers>
				<sfx_layer sfx_filename_start="audio/fx5/klaxon_large_start.ogg" sfx_filename_loop="audio/fx5/klaxon_large_loop_short.ogg" sfx_filename_end="audio/fx5/klaxon_large_end.ogg" sfx_gain="1.0" sfx_loop_start_time="0.25" sfx_loop_blend_duration="2.0" sfx_volume_fade_speed="1.0" sfx_pitch_fade_speed="1.0"/>
			</sfx_layers>
		</sfx_data>
	</sfx_datas>
	<surfaces>
		<surface orientation="5" rotation="0" shape="1" trans_type="0" flags="0">
			<position x="0" y="0" z="0"/>
		</surface>
		<surface orientation="0" rotation="0" shape="1" trans_type="0" flags="0">
			<position x="0" y="0" z="0"/>
		</surface>
		<surface orientation="4" rotation="0" shape="1" trans_type="0" flags="0">
			<position x="0" y="0" z="0"/>
		</surface>
		<surface orientation="1" rotation="0" shape="1" trans_type="0" flags="0">
			<position x="0" y="0" z="0"/>
		</surface>
		<surface orientation="3" rotation="0" shape="1" trans_type="0" flags="0">
			<position x="0" y="0" z="0"/>
		</surface>
	</surfaces>
	<buoyancy_surfaces>
		<surface orientation="5" rotation="0" shape="1" trans_type="0" flags="0">
			<position x="0" y="0" z="0"/>
		</surface>
		<surface orientation="1" rotation="0" shape="1" trans_type="0" flags="0">
			<position x="0" y="0" z="0"/>
		</surface>
		<surface orientation="4" rotation="0" shape="1" trans_type="0" flags="0">
			<position x="0" y="0" z="0"/>
		</surface>
		<surface orientation="0" rotation="0" shape="1" trans_type="0" flags="0">
			<position x="0" y="0" z="0"/>
		</surface>
		<surface orientation="3" rotation="0" shape="1" trans_type="0" flags="0">
			<position x="0" y="0" z="0"/>
		</surface>
	</buoyancy_surfaces>
	<logic_nodes>
		<logic_node label="Buzzer" mode="1" type="0" description="Plays the selected sound when toggled from off to on.">
			<position x="0" y="0" z="0"/>
		</logic_node>
		<logic_node label="Electric" mode="1" type="4" description="Electrical power connection." flags="0">
			<position x="0" y="0" z="0"/>
		</logic_node>
	</logic_nodes>
	<voxels>
		<voxel flags="1" physics_shape="0">
			<position x="0" y="0" z="0"/>
			<physics_shape_rotation 00="1" 01="0" 02="0" 10="0" 11="1" 12="0" 20="0" 21="0" 22="1"/>
		</voxel>
	</voxels>
	<voxel_min x="0" y="0" z="0"/>
	<voxel_max x="0" y="0" z="0"/>
	<voxel_physics_min x="0" y="0" z="0"/>
	<voxel_physics_max x="0" y="0" z="0"/>
	<bb_physics_min x="0" y="0" z="0"/>
	<bb_physics_max x="0" y="0" z="0"/>
	<constraint_pos_parent x="0" y="0" z="0"/>
	<constraint_pos_child x="0" y="0" z="0"/>
	<voxel_location_child x="0" y="0" z="0"/>
	<force_dir x="0" y="0" z="0"/>
	<light_position x="0" y="0" z="0"/>
	<light_color x="1" y="1" z="1"/>
	<door_size x="1" y="1" z="1"/>
	<dynamic_body_position x="0" y="0" z="0"/>
	<dynamic_rotation_axes x="0" y="1" z="0"/>
	<dynamic_side_axis x="1" y="0" z="0"/>
	<magnet_offset x="0" y="0" z="0"/>
	<tooltip_properties description="The type of sound, volume, and pitch can be customised by selecting this component with the select tool. It has an audible range of 30m." short_description="A buzzer that will play a selected sound when toggled from off to on."/>
	<reward_properties number_rewarded="5"/>
	<seat_exit_position x="0" y="0" z="0"/>
</definition>

